{"cameraMode":{"drawMode":0,"name":"Shaded","section":"Shading Mode"},"sceneLighting":false,"audioPlay":false,"sceneViewState":{"m_AlwaysRefresh":false,"showFog":true,"showSkybox":false,"showFlares":true,"showImageEffects":true,"showParticleSystems":true,"showVisualEffectGraphs":true,"m_FxEnabled":true},"in2DMode":false,"pivot":{"x":10.718473434448243,"y":0.41901981830596926,"z":-0.3037322163581848},"rotation":{"x":0.000858742103446275,"y":0.6645859479904175,"z":0.0008244090713560581,"w":-0.7472525835037231},"size":0.9444677233695984,"orthographic":false}